{
  "GlobalConfiguration": {
    "BaseUrl": "http://localhost:5000"
  },
  "Routes": [
    {
      "DownstreamPathTemplate": "/api/Category/{id}",
      "DownstreamScheme": "https",
      "SwaggerKey": "Category",
      "DownstreamHostAndPorts": [
        {
          "Host": "localhost",
          "Port": 7086
        }
      ],
      "UpstreamPathTemplate": "/api/Category/{id}",
      "UpstreamHttpMethod": [
        "GET"
      ],
      "AuthenticationOptions": {
        "AuthenticationProviderKey": "Bearer",
        "AllowedScopes": []
      }
    },
    {
      "DownstreamPathTemplate": "/api/Category",
      "DownstreamScheme": "https",
      "SwaggerKey": "Category",
      "DownstreamHostAndPorts": [
        {
          "Host": "localhost",
          "Port": 7086
        }
      ],
      "UpstreamPathTemplate": "/api/Category",
      "UpstreamHttpMethod": [
        "GET",
        "POST"
      ],
      "AuthenticationOptions": {
        "AuthenticationProviderKey": "Bearer",
        "AllowedScopes": []
      }
    },
    {
      "DownstreamPathTemplate": "/api/Product/{id}",
      "DownstreamScheme": "https",
      "SwaggerKey": "Product",
      "DownstreamHostAndPorts": [
        {
          "Host": "localhost",
          "Port": 7086
        }
      ],
      "UpstreamPathTemplate": "/api/Product/{id}",
      "UpstreamHttpMethod": [
        "GET",
        "PUT",
        "DELETE"
      ],
      "AuthenticationOptions": {
        "AuthenticationProviderKey": "Bearer",
        "AllowedScopes": []
      }
    },
    {
      "DownstreamPathTemplate": "/api/Product",
      "DownstreamScheme": "https",
      "SwaggerKey": "Product",
      "DownstreamHostAndPorts": [
        {
          "Host": "localhost",
          "Port": 7086
        }
      ],
      "UpstreamPathTemplate": "/api/Product",
      "UpstreamHttpMethod": [
        "GET",
        "POST"
      ],
      "AuthenticationOptions": {
        "AuthenticationProviderKey": "Bearer",
        "AllowedScopes": []
      }
    },
    {
      "DownstreamPathTemplate": "/api/Product/upload",
      "DownstreamScheme": "https",
      "SwaggerKey": "Product",
      "DownstreamHostAndPorts": [
        {
          "Host": "localhost",
          "Port": 7086
        }
      ],
      "AuthenticationOptions": {
        "AuthenticationProviderKey": "Bearer",
        "AllowedScopes": []
      },
      "UpstreamPathTemplate": "/api/Product/upload",
      "UpstreamHttpMethod": [
        "POST"
      ]
    },
    {
      "DownstreamPathTemplate": "/{id}/upload-image",
      "DownstreamScheme": "https",
      "SwaggerKey": "Product",
      "DownstreamHostAndPorts": [
        {
          "Host": "localhost",
          "Port": 7086
        }
      ],
      "UpstreamPathTemplate": "/{id}/upload-image",
      "UpstreamHttpMethod": [
        "POST"
      ],
      "AuthenticationOptions": {
        "AuthenticationProviderKey": "Bearer",
        "AllowedScopes": []
      }
    },
    {
      "DownstreamPathTemplate": "/api/Cart/{userId}",
      "DownstreamScheme": "https",
      "SwaggerKey": "Cart",
      "DownstreamHostAndPorts": [
        {
          "Host": "localhost",
          "Port": 7279
        }
      ],
      "UpstreamPathTemplate": "/api/Cart/{userId}",
      "UpstreamHttpMethod": [
        "GET",
        "POST",
        "PUT",
        "DELETE"
      ],
      "AuthenticationOptions": {
        "AuthenticationProviderKey": "Bearer",
        "AllowedScopes": []
      }
    },
    {
      "DownstreamPathTemplate": "/api/Cart/{userId}/{productId}",
      "DownstreamScheme": "https",
      "SwaggerKey": "Cart",
      "DownstreamHostAndPorts": [
        {
          "Host": "localhost",
          "Port": 7279
        }
      ],
      "UpstreamPathTemplate": "/api/Cart/{userId}/{productId}",
      "UpstreamHttpMethod": [
        "PUT",
        "DELETE"
      ],
      "AuthenticationOptions": {
        "AuthenticationProviderKey": "Bearer",
        "AllowedScopes": []
      }
    },
    {
      "DownstreamPathTemplate": "/api/Order/{userId}",
      "DownstreamScheme": "https",
      "DownstreamHostAndPorts": [
        {
          "Host": "localhost",
          "Port": 7186
        }
      ],
      "UpstreamPathTemplate": "/api/Order/{userId}",
      "UpstreamHttpMethod": [
        "POST"
      ],
      "AuthenticationOptions": {
        "AuthenticationProviderKey": "Bearer",
        "AllowedScopes": []
      }
    },
    {
      "DownstreamPathTemplate": "/api/Order/{id}",
      "DownstreamScheme": "https",
      "DownstreamHostAndPorts": [
        {
          "Host": "localhost",
          "Port": 7186
        }
      ],
      "UpstreamPathTemplate": "/api/Order/{id}",
      "UpstreamHttpMethod": [
        "GET"
      ],
      "AuthenticationOptions": {
        "AuthenticationProviderKey": "Bearer",
        "AllowedScopes": []
      }
    },
    {
      "DownstreamPathTemplate": "/api/Order/{id}",
      "DownstreamScheme": "https",
      "DownstreamHostAndPorts": [
        {
          "Host": "localhost",
          "Port": 7186
        }
      ],
      "UpstreamPathTemplate": "/api/Order/{id}",
      "UpstreamHttpMethod": [
        "PATCH",
        "DELETE"
      ],
      "AuthenticationOptions": {
        "AuthenticationProviderKey": "Bearer",
        "AllowedScopes": []
      }
    },
    {
      "DownstreamPathTemplate": "/api/Order/getOrders/{userId}",
      "DownstreamScheme": "https",
      "DownstreamHostAndPorts": [
        {
          "Host": "localhost",
          "Port": 7186
        }
      ],
      "UpstreamPathTemplate": "/api/Order/getOrders/{userId}",
      "UpstreamHttpMethod": [
        "Get"
      ],
      "AuthenticationOptions": {
        "AuthenticationProviderKey": "Bearer",
        "AllowedScopes": []
      }
    },
    {
      "DownstreamPathTemplate": "/api/Order",
      "DownstreamScheme": "https",
      "DownstreamHostAndPorts": [
        {
          "Host": "localhost",
          "Port": 7186
        }
      ],
      "UpstreamPathTemplate": "/api/Order",
      "UpstreamHttpMethod": [
        "GET"
      ],
      "AuthenticationOptions": {
        "AuthenticationProviderKey": "Bearer",
        "AllowedScopes": []
      }
    },
    {
      "DownstreamPathTemplate": "/api/Payment/{orderId}",
      "DownstreamScheme": "https",
      "DownstreamHostAndPorts": [
        {
          "Host": "localhost",
          "Port": 7028
        }
      ],
      "UpstreamPathTemplate": "/api/Payment/{orderId}",
      "UpstreamHttpMethod": [
        "POST"
      ],
      "AuthenticationOptions": {
        "AuthenticationProviderKey": "Bearer",
        "AllowedScopes": []
      }
    },
    {
      "DownstreamPathTemplate": "/api/Payment",
      "DownstreamScheme": "https",
      "DownstreamHostAndPorts": [
        {
          "Host": "localhost",
          "Port": 7028
        }
      ],
      "UpstreamPathTemplate": "/api/Payment",
      "UpstreamHttpMethod": [
        "GET"
      ],
      "AuthenticationOptions": {
        "AuthenticationProviderKey": "Bearer",
        "AllowedScopes": []
      }
    },
    {
      "DownstreamPathTemplate": "/api/Shipping",
      "DownstreamScheme": "https",
      "DownstreamHostAndPorts": [
        {
          "Host": "localhost",
          "Port": 7241
        }
      ],
      "UpstreamPathTemplate": "/api/Shipping",
      "UpstreamHttpMethod": [
        "GET"
      ],
      "AuthenticationOptions": {
        "AuthenticationProviderKey": "Bearer",
        "AllowedScopes": []
      }
    },
    {
      "DownstreamPathTemplate": "/api/Shipping/create-shipping/{orderId}",
      "DownstreamScheme": "https",
      "DownstreamHostAndPorts": [
        {
          "Host": "localhost",
          "Port": 7241
        }
      ],
      "UpstreamPathTemplate": "/api/Shipping/create-shipping/{orderId}",
      "UpstreamHttpMethod": [
        "POST"
      ],
      "AuthenticationOptions": {
        "AuthenticationProviderKey": "Bearer",
        "AllowedScopes": []
      }
    },
    {
      "UpstreamPathTemplate": "/api/User/login",
      "DownstreamPathTemplate": "/api/User/login",
      "DownstreamScheme": "https",
      "DownstreamHostAndPorts": [
        {
          "Host": "localhost",
          "Port": 7094
        }
      ],
      "UpstreamHttpMethod": [
        "POST"
      ]
    },
    {
      "UpstreamPathTemplate": "/api/User/logout",
      "DownstreamPathTemplate": "/api/User/logout",
      "DownstreamScheme": "https",
      "DownstreamHostAndPorts": [
        {
          "Host": "localhost",
          "Port": 7094
        }
      ],
      "UpstreamHttpMethod": [
        "POST"
      ],
      "AuthenticationOptions": {
        "AuthenticationProviderKey": "Bearer",
        "AllowedScopes": []
      }
    },
    {
      "DownstreamPathTemplate": "/api/User/{userId}",
      "DownstreamScheme": "https",
      "DownstreamHostAndPorts": [
        {
          "Host": "localhost",
          "Port": 7094
        }
      ],
      "UpstreamPathTemplate": "/api/User/{userId}",
      "UpstreamHttpMethod": [
        "PUT"
      ],
      "AuthenticationOptions": {
        "AuthenticationProviderKey": "Bearer",
        "AllowedScopes": []
      }
    },
    {
      "UpstreamPathTemplate": "/api/User/reset-password",
      "DownstreamPathTemplate": "/api/User/reset-password",
      "DownstreamScheme": "https",
      "DownstreamHostAndPorts": [
        {
          "Host": "localhost",
          "Port": 7094
        }
      ],
      "UpstreamHttpMethod": [
        "POST"
      ]
    },
    {
      "UpstreamPathTemplate": "/api/User/forgot-password/{email}",
      "DownstreamPathTemplate": "/api/User/forgot-password/{email}",
      "DownstreamScheme": "https",
      "DownstreamHostAndPorts": [
        {
          "Host": "localhost",
          "Port": 7094
        }
      ],
      "UpstreamHttpMethod": [
        "POST"
      ]
    },
    {
      "UpstreamPathTemplate": "/api/User/register",
      "DownstreamPathTemplate": "/api/User/register",
      "DownstreamScheme": "https",
      "DownstreamHostAndPorts": [
        {
          "Host": "localhost",
          "Port": 7094
        }
      ],
      "UpstreamHttpMethod": [
        "POST"
      ]
    },
    {
      "DownstreamPathTemplate": "/api/User/{id}",
      "DownstreamScheme": "https",
      "DownstreamHostAndPorts": [
        {
          "Host": "localhost",
          "Port": 7094
        }
      ],
      "UpstreamPathTemplate": "/api/User/{id}",
      "UpstreamHttpMethod": [
        "GET"
      ],
      "AuthenticationOptions": {
        "AuthenticationProviderKey": "Bearer",
        "AllowedScopes": []
      }
    },
    {
      "DownstreamPathTemplate": "/api/User",
      "DownstreamScheme": "https",
      "DownstreamHostAndPorts": [
        {
          "Host": "localhost",
          "Port": 7094
        }
      ],
      "UpstreamPathTemplate": "/api/User",
      "UpstreamHttpMethod": [
        "GET"
      ],
      "AuthenticationOptions": {
        "AuthenticationProviderKey": "Bearer",
        "AllowedScopes": []
      }
    },
    {
      "DownstreamPathTemplate": "/api/User/{id}",
      "DownstreamScheme": "https",
      "DownstreamHostAndPorts": [
        {
          "Host": "localhost",
          "Port": 7094
        }
      ],
      "UpstreamPathTemplate": "/api/User/{id}",
      "UpstreamHttpMethod": [
        "DELETE"
      ],
      "AuthenticationOptions": {
        "AuthenticationProviderKey": "Bearer",
        "AllowedScopes": []
      }
    }
  ]
}